Aldershot_(UK_Parliament_constituency) 71908 "England"
Aldridge-Brownhills_(UK_Parliament_constituency) 59506 "England"
Altrincham_and_Sale_West_(UK_Parliament_constituency) 72008 "England"
Amber_Valley_(UK_Parliament_constituency) 69538 "England"
Arundel_and_South_Downs_(UK_Parliament_constituency) 76697 "England"
Ashfield_(UK_Parliament_constituency) 77049 "England"
Ashford_(UK_Parliament_constituency) 81947 "England"
Ashton-under-Lyne_(UK_Parliament_constituency) 68553 "England"
Aylesbury_(UK_Parliament_constituency) 78750 "England"
Banbury_(UK_Parliament_constituency) 84063 "England"
Barking_(UK_Parliament_constituency) 74027 "England"
Barnsley_Central_(UK_Parliament_constituency) 64732 "England"
Barnsley_East_(UK_Parliament_constituency) 68243 "England"
Barrow_and_Furness_(UK_Parliament_constituency) 69148 "England"
Basildon_and_Billericay_(UK_Parliament_constituency) 65373 "England"
Basingstoke_(UK_Parliament_constituency) 75470 "England"
Bassetlaw_(UK_Parliament_constituency) 78306 "England"
Bath_(UK_Parliament_constituency) 66690 "England"
Batley_and_Spen_(UK_Parliament_constituency) 77472 "England"
Battersea_(UK_Parliament_constituency) 73028 "England"
Beaconsfield_(UK_Parliament_constituency) 75320 "England"
Beckenham_(UK_Parliament_constituency) 66470 "England"
Bedford_(UK_Parliament_constituency) 69019 "England"
Bermondsey_and_Old_Southwark_(UK_Parliament_constituency) 77186 "England"
Berwick-upon-Tweed_(UK_Parliament_constituency) 55785 "England"
Bethnal_Green_and_Bow_(UK_Parliament_constituency) 79581 "England"
Beverley_and_Holderness_(UK_Parliament_constituency) 79775 "England"
Bexhill_and_Battle_(UK_Parliament_constituency) 78602 "England"
Bexleyheath_and_Crayford_(UK_Parliament_constituency) 64144 "England"
Birkenhead_(UK_Parliament_constituency) 62432 "England"
Birmingham_Edgbaston_(UK_Parliament_constituency) 69039 "England"
Birmingham_Erdington_(UK_Parliament_constituency) 67598 "England"
Birmingham_Hall_Green_(UK_Parliament_constituency) 77157 "England"
Birmingham_Hodge_Hill_(UK_Parliament_constituency) 75595 "England"
Birmingham_Ladywood_(UK_Parliament_constituency) 74008 "England"
Birmingham_Northfield_(UK_Parliament_constituency) 72190 "England"
Birmingham_Perry_Barr_(UK_Parliament_constituency) 71794 "England"
Birmingham_Selly_Oak_(UK_Parliament_constituency) 75668 "England"
Birmingham_Yardley_(UK_Parliament_constituency) 73261 "England"
Bishop_Auckland_(UK_Parliament_constituency) 68501 "England"
Blackburn_(UK_Parliament_constituency) 72112 "England"
Blackpool_North_and_Cleveleys_(UK_Parliament_constituency) 66187 "England"
Blackpool_South_(UK_Parliament_constituency) 64081 "England"
Blackley_and_Broughton_(UK_Parliament_constituency) 69006 "England"
Blaydon_(UK_Parliament_constituency) 68156 "England"
Blyth_Valley_(UK_Parliament_constituency) 63173 "England"
Bognor_Regis_and_Littlehampton_(UK_Parliament_constituency) 70535 "England"
Bolsover_(UK_Parliament_constituency) 72162 "England"
Bolton_North_East_(UK_Parliament_constituency) 66600 "England"
Bolton_South_East_(UK_Parliament_constituency) 69088 "England"
Bolton_West_(UK_Parliament_constituency) 71454 "England"
Bootle_(UK_Parliament_constituency) 70824 "England"
Boston_and_Skegness_(UK_Parliament_constituency) 70620 "England"
Bosworth_(UK_Parliament_constituency) 77787 "England"
Bournemouth_East_(UK_Parliament_constituency) 72961 "England"
Bournemouth_West_(UK_Parliament_constituency) 72714 "England"
Bracknell_(UK_Parliament_constituency) 77490 "England"
Bradford_East_(UK_Parliament_constituency) 66718 "England"
Bradford_South_(UK_Parliament_constituency) 64715 "England"
Bradford_West_(UK_Parliament_constituency) 63425 "England"
Braintree_(UK_Parliament_constituency) 72064 "England"
Brent_Central_(UK_Parliament_constituency) 73385 "England"
Brent_North_(UK_Parliament_constituency) 82648 "England"
Brentford_and_Isleworth_(UK_Parliament_constituency) 83332 "England"
Brentwood_and_Ongar_(UK_Parliament_constituency) 71041 "England"
Bridgwater_and_West_Somerset_(UK_Parliament_constituency) 82936 "England"
Brigg_and_Goole_(UK_Parliament_constituency) 66734 "England"
Brighton_Kemptown_(UK_Parliament_constituency) 66557 "England"
Brighton_Pavilion_(UK_Parliament_constituency) 73430 "England"
Bristol_East_(UK_Parliament_constituency) 69347 "England"
Bristol_North_West_(UK_Parliament_constituency) 73920 "England"
Bristol_South_(UK_Parliament_constituency) 78703 "England"
Bristol_West_(UK_Parliament_constituency) 82503 "England"
Broadland_(UK_Parliament_constituency) 73066 "England"
Bromley_and_Chislehurst_(UK_Parliament_constituency) 65508 "England"
Bromsgrove_(UK_Parliament_constituency) 73279 "England"
Broxbourne_(UK_Parliament_constituency) 71872 "England"
Broxtowe_(UK_Parliament_constituency) 71961 "England"
Buckingham_(UK_Parliament_constituency) 75837 "England"
Burnley_(UK_Parliament_constituency) 67003 "England"
Burton_(UK_Parliament_constituency) 75302 "England"
Bury_North_(UK_Parliament_constituency) 67911 "England"
Bury_South_(UK_Parliament_constituency) 75140 "England"
Bury_St_Edmunds_(UK_Parliament_constituency) 85933 "England"
Calder_Valley_(UK_Parliament_constituency) 76041 "England"
Camberwell_and_Peckham_(UK_Parliament_constituency) 78605 "England"
Camborne_and_Redruth_(UK_Parliament_constituency) 64798 "England"
Cambridge_(UK_Parliament_constituency) 75259 "England"
Cannock_Chase_(UK_Parliament_constituency) 75680 "England"
Canterbury_(UK_Parliament_constituency) 73779 "England"
Carlisle_(UK_Parliament_constituency) 66322 "England"
Carshalton_and_Wallington_(UK_Parliament_constituency) 67044 "England"
Castle_Point_(UK_Parliament_constituency) 64562 "England"
Central_Devon_(UK_Parliament_constituency) 71563 "England"
Central_Suffolk_and_North_Ipswich_(UK_Parliament_constituency) 76177 "England"
Charnwood_(UK_Parliament_constituency) 75454 "England"
Chatham_and_Aylesford_(UK_Parliament_constituency) 68437 "England"
Cheadle_(UK_Parliament_constituency) 71797 "England"
Chelmsford_(UK_Parliament_constituency) 77835 "England"
Chelsea_and_Fulham_(UK_Parliament_constituency) 62958 "England"
Cheltenham_(UK_Parliament_constituency) 77937 "England"
Chesham_and_Amersham_(UK_Parliament_constituency) 70723 "England"
Chesterfield_(UK_Parliament_constituency) 72866 "England"
Chichester_(UK_Parliament_constituency) 81804 "England"
Chingford_and_Woodford_Green_(UK_Parliament_constituency) 64770 "England"
Chippenham_(UK_Parliament_constituency) 73312 "England"
Chipping_Barnet_(UK_Parliament_constituency) 76455 "England"
Chorley_(UK_Parliament_constituency) 71333 "England"
Christchurch_(UK_Parliament_constituency) 69008 "England"
Cities_of_London_and_Westminster_(UK_Parliament_constituency) 65140 "England"
City_of_Chester_(UK_Parliament_constituency) 68280 "England"
City_of_Durham_(UK_Parliament_constituency) 72659 "England"
Clacton_(UK_Parliament_constituency) 67447 "England"
Cleethorpes_(UK_Parliament_constituency) 70895 "England"
Colchester_(UK_Parliament_constituency) 73638 "England"
Colne_Valley_(UK_Parliament_constituency) 80791 "England"
Congleton_(UK_Parliament_constituency) 73820 "England"
Copeland_(UK_Parliament_constituency) 63696 "England"
Corby_(UK_Parliament_constituency) 79468 "England"
Coventry_North_East_(UK_Parliament_constituency) 74870 "England"
Coventry_North_West_(UK_Parliament_constituency) 74180 "England"
Coventry_South_(UK_Parliament_constituency) 75705 "England"
Crawley_(UK_Parliament_constituency) 71793 "England"
Crewe_and_Nantwich_(UK_Parliament_constituency) 78845 "England"
Croydon_Central_(UK_Parliament_constituency) 76980 "England"
Croydon_North_(UK_Parliament_constituency) 85107 "England"
Croydon_South_(UK_Parliament_constituency) 81554 "England"
Dagenham_and_Rainham_(UK_Parliament_constituency) 70187 "England"
Darlington_(UK_Parliament_constituency) 67476 "England"
Dartford_(UK_Parliament_constituency) 74756 "England"
Daventry_(UK_Parliament_constituency) 71903 "England"
Denton_and_Reddish_(UK_Parliament_constituency) 65684 "England"
Derby_North_(UK_Parliament_constituency) 72617 "England"
Derby_South_(UK_Parliament_constituency) 72048 "England"
Derbyshire_Dales_(UK_Parliament_constituency) 63732 "England"
Devizes_(UK_Parliament_constituency) 68846 "England"
Dewsbury_(UK_Parliament_constituency) 79634 "England"
Don_Valley_(UK_Parliament_constituency) 73674 "England"
Doncaster_Central_(UK_Parliament_constituency) 73874 "England"
Doncaster_North_(UK_Parliament_constituency) 72855 "England"
Dover_(UK_Parliament_constituency) 71993 "England"
Dudley_North_(UK_Parliament_constituency) 61714 "England"
Dudley_South_(UK_Parliament_constituency) 61308 "England"
Dulwich_and_West_Norwood_(UK_Parliament_constituency) 71523 "England"
Ealing_Central_and_Acton_(UK_Parliament_constituency) 69828 "England"
Ealing_North_(UK_Parliament_constituency) 73105 "England"
Ealing_Southall_(UK_Parliament_constituency) 65768 "England"
Easington_(UK_Parliament_constituency) 65618 "England"
East_Devon_(UK_Parliament_constituency) 72406 "England"
East_Ham_(UK_Parliament_constituency) 91531 "England"
East_Hampshire_(UK_Parliament_constituency) 72648 "England"
East_Surrey_(UK_Parliament_constituency) 77145 "England"
East_Worthing_and_Shoreham_(UK_Parliament_constituency) 72996 "England"
East_Yorkshire_(UK_Parliament_constituency) 80435 "England"
Eastbourne_(UK_Parliament_constituency) 76978 "England"
Eastleigh_(UK_Parliament_constituency) 78313 "England"
Eddisbury_(UK_Parliament_constituency) 65914 "England"
Edmonton_(UK_Parliament_constituency) 64356 "England"
Ellesmere_Port_and_Neston_(UK_Parliament_constituency) 66995 "England"
Elmet_and_Rothwell_(UK_Parliament_constituency) 77994 "England"
Eltham_(UK_Parliament_constituency) 63059 "England"
Enfield_North_(UK_Parliament_constituency) 66761 "England"
Enfield_Southgate_(UK_Parliament_constituency) 64932 "England"
Epping_Forest_(UK_Parliament_constituency) 72212 "England"
Epsom_and_Ewell_(UK_Parliament_constituency) 76916 "England"
Erewash_(UK_Parliament_constituency) 70022 "England"
Erith_and_Thamesmead_(UK_Parliament_constituency) 69718 "England"
Esher_and_Walton_(UK_Parliament_constituency) 76962 "England"
Exeter_(UK_Parliament_constituency) 76796 "England"
Fareham_(UK_Parliament_constituency) 76457 "England"
Faversham_and_Mid_Kent_(UK_Parliament_constituency) 68521 "England"
Feltham_and_Heston_(UK_Parliament_constituency) 80437 "England"
Filton_and_Bradley_Stoke_(UK_Parliament_constituency) 69732 "England"
Finchley_and_Golders_Green_(UK_Parliament_constituency) 71595 "England"
Folkestone_and_Hythe_(UK_Parliament_constituency) 84156 "England"
Forest_of_Dean_(UK_Parliament_constituency) 68703 "England"
Fylde_(UK_Parliament_constituency) 66504 "England"
Gainsborough_(UK_Parliament_constituency) 63795 "England"
Garston_and_Halewood_(UK_Parliament_constituency) 71618 "England"
Gateshead_(UK_Parliament_constituency) 66066 "England"
Gedling_(UK_Parliament_constituency) 70886 "England"
Gillingham_and_Rainham_(UK_Parliament_constituency) 71109 "England"
Gloucester_(UK_Parliament_constituency) 80788 "England"
Gosport_(UK_Parliament_constituency) 72845 "England"
Grantham_and_Stamford_(UK_Parliament_constituency) 79118 "England"
Gravesham_(UK_Parliament_constituency) 70412 "England"
Great_Grimsby_(UK_Parliament_constituency) 61929 "England"
Great_Yarmouth_(UK_Parliament_constituency) 70526 "England"
Greenwich_and_Woolwich_(UK_Parliament_constituency) 66982 "England"
Guildford_(UK_Parliament_constituency) 77517 "England"
Hackney_North_and_Stoke_Newington_(UK_Parliament_constituency) 74780 "England"
Hackney_South_and_Shoreditch_(UK_Parliament_constituency) 73778 "England"
Halesowen_and_Rowley_Regis_(UK_Parliament_constituency) 67656 "England"
Halifax_(UK_Parliament_constituency) 69126 "England"
Haltemprice_and_Howden_(UK_Parliament_constituency) 70864 "England"
Halton_(UK_Parliament_constituency) 70322 "England"
Hammersmith_(UK_Parliament_constituency) 70008 "England"
Hampstead_and_Kilburn_(UK_Parliament_constituency) 78552 "England"
Harborough_(UK_Parliament_constituency) 78753 "England"
Harlow_(UK_Parliament_constituency) 67700 "England"
Harrogate_and_Knaresborough_(UK_Parliament_constituency) 75044 "England"
Harrow_East_(UK_Parliament_constituency) 72537 "England"
Harrow_West_(UK_Parliament_constituency) 69135 "England"
Hartlepool_(UK_Parliament_constituency) 70010 "England"
Harwich_and_North_Essex_(UK_Parliament_constituency) 71087 "England"
Hastings_and_Rye_(UK_Parliament_constituency) 76422 "England"
Havant_(UK_Parliament_constituency) 70568 "England"
Hayes_and_Harlington_(UK_Parliament_constituency) 70789 "England"
Hazel_Grove_(UK_Parliament_constituency) 62422 "England"
Hemel_Hempstead_(UK_Parliament_constituency) 72561 "England"
Hemsworth_(UK_Parliament_constituency) 73487 "England"
Hendon_(UK_Parliament_constituency) 74329 "England"
Henley_(UK_Parliament_constituency) 73851 "England"
Hereford_and_South_Herefordshire_(UK_Parliament_constituency) 71352 "England"
Hertford_and_Stortford_(UK_Parliament_constituency) 79255 "England"
Hertsmere_(UK_Parliament_constituency) 70772 "England"
Hexham_(UK_Parliament_constituency) 60499 "England"
Heywood_and_Middleton_(UK_Parliament_constituency) 79636 "England"
High_Peak_(UK_Parliament_constituency) 72178 "England"
Hitchin_and_Harpenden_(UK_Parliament_constituency) 74189 "England"
Holborn_and_St_Pancras_(UK_Parliament_constituency) 85243 "England"
Hornchurch_and_Upminster_(UK_Parliament_constituency) 79568 "England"
Hornsey_and_Wood_Green_(UK_Parliament_constituency) 79878 "England"
Horsham_(UK_Parliament_constituency) 77001 "England"
Houghton_and_Sunderland_South_(UK_Parliament_constituency) 70115 "England"
Hove_(UK_Parliament_constituency) 71181 "England"
Huddersfield_(UK_Parliament_constituency) 66681 "England"
Huntingdon_(UK_Parliament_constituency) 79134 "England"
Hyndburn_(UK_Parliament_constituency) 69617 "England"
Ilford_North_(UK_Parliament_constituency) 72702 "England"
Ilford_South_(UK_Parliament_constituency) 86401 "England"
Ipswich_(UK_Parliament_constituency) 75195 "England"
Isle_of_Wight_(UK_Parliament_constituency) 110924 "England"
Islington_North_(UK_Parliament_constituency) 68777 "England"
Islington_South_and_Finsbury_(UK_Parliament_constituency) 67613 "England"
Jarrow_(UK_Parliament_constituency) 65047 "England"
Keighley_(UK_Parliament_constituency) 66967 "England"
Kenilworth_and_Southam_(UK_Parliament_constituency) 63772 "England"
Kensington_(UK_Parliament_constituency) 62784 "England"
Kettering_(UK_Parliament_constituency) 69610 "England"
Kingston_and_Surbiton_(UK_Parliament_constituency) 80639 "England"
Kingston_upon_Hull_East_(UK_Parliament_constituency) 68150 "England"
Kingston_upon_Hull_North_(UK_Parliament_constituency) 65219 "England"
Kingston_upon_Hull_West_and_Hessle_(UK_Parliament_constituency) 61232 "England"
Kingswood_(UK_Parliament_constituency) 67199 "England"
Knowsley_(UK_Parliament_constituency) 79334 "England"
Lancaster_and_Fleetwood_(UK_Parliament_constituency) 67305 "England"
Leeds_Central_(UK_Parliament_constituency) 80912 "England"
Leeds_East_(UK_Parliament_constituency) 64742 "England"
Leeds_North_East_(UK_Parliament_constituency) 68269 "England"
Leeds_North_West_(UK_Parliament_constituency) 65047 "England"
Leeds_West_(UK_Parliament_constituency) 67222 "England"
Leicester_East_(UK_Parliament_constituency) 74377 "England"
Leicester_South_(UK_Parliament_constituency) 78433 "England"
Leicester_West_(UK_Parliament_constituency) 65432 "England"
Leigh_(UK_Parliament_constituency) 77001 "England"
Lewes_(UK_Parliament_constituency) 68515 "England"
Lewisham_Deptford_(UK_Parliament_constituency) 67590 "England"
Lewisham_East_(UK_Parliament_constituency) 65508 "England"
Lewisham_West_and_Penge_(UK_Parliament_constituency) 69399 "England"
Leyton_and_Wanstead_(UK_Parliament_constituency) 63021 "England"
Lichfield_(UK_Parliament_constituency) 73085 "England"
Lincoln_(UK_Parliament_constituency) 72662 "England"
Liverpool_Riverside_(UK_Parliament_constituency) 73406 "England"
Liverpool_Walton_(UK_Parliament_constituency) 61974 "England"
Liverpool_Wavertree_(UK_Parliament_constituency) 61979 "England"
Liverpool_West_Derby_(UK_Parliament_constituency) 62709 "England"
Loughborough_(UK_Parliament_constituency) 77884 "England"
Louth_and_Horncastle_(UK_Parliament_constituency) 76233 "England"
Ludlow_(UK_Parliament_constituency) 66199 "England"
Luton_North_(UK_Parliament_constituency) 66273 "England"
Luton_South_(UK_Parliament_constituency) 65889 "England"
Macclesfield_(UK_Parliament_constituency) 73613 "England"
Maidenhead_(UK_Parliament_constituency) 74028 "England"
Maidstone_and_The_Weald_(UK_Parliament_constituency) 70576 "England"
Makerfield_(UK_Parliament_constituency) 74856 "England"
Maldon_(UK_Parliament_constituency) 69539 "England"
Manchester_Central_(UK_Parliament_constituency) 89519 "England"
Manchester_Gorton_(UK_Parliament_constituency) 74681 "England"
Manchester_Withington_(UK_Parliament_constituency) 73656 "England"
Mansfield_(UK_Parliament_constituency) 79849 "England"
Meon_Valley_(UK_Parliament_constituency) 71291 "England"
Meriden_(UK_Parliament_constituency) 83428 "England"
Mid_Bedfordshire_(UK_Parliament_constituency) 76381 "England"
Mid_Derbyshire_(UK_Parliament_constituency) 66572 "England"
Mid_Dorset_and_North_Poole_(UK_Parliament_constituency) 64705 "England"
Mid_Norfolk_(UK_Parliament_constituency) 75080 "England"
Mid_Sussex_(UK_Parliament_constituency) 77044 "England"
Mid_Worcestershire_(UK_Parliament_constituency) 71660 "England"
Middlesbrough_(UK_Parliament_constituency) 65851 "England"
Middlesbrough_South_and_East_Cleveland_(UK_Parliament_constituency) 72876 "England"
Milton_Keynes_North_(UK_Parliament_constituency) 81226 "England"
Milton_Keynes_South_(UK_Parliament_constituency) 85552 "England"
Mitcham_and_Morden_(UK_Parliament_constituency) 67074 "England"
Mole_Valley_(UK_Parliament_constituency) 72568 "England"
Morecambe_and_Lunesdale_(UK_Parliament_constituency) 69254 "England"
Morley_and_Outwood_(UK_Parliament_constituency) 75163 "England"
New_Forest_East_(UK_Parliament_constituency) 73542 "England"
New_Forest_West_(UK_Parliament_constituency) 68987 "England"
Newark_(UK_Parliament_constituency) 72407 "England"
Newbury_(UK_Parliament_constituency) 77898 "England"
Newcastle-under-Lyme_(UK_Parliament_constituency) 68692 "England"
Newcastle_upon_Tyne_Central_(UK_Parliament_constituency) 60795 "England"
Newcastle_upon_Tyne_East_(UK_Parliament_constituency) 65203 "England"
Newcastle_upon_Tyne_North_(UK_Parliament_constituency) 67401 "England"
Newton_Abbot_(UK_Parliament_constituency) 69600 "England"
Normanton,_Pontefract_and_Castleford_(UK_Parliament_constituency) 83284 "England"
North_Cornwall_(UK_Parliament_constituency) 68206 "England"
North_Devon_(UK_Parliament_constituency) 75098 "England"
North_Dorset_(UK_Parliament_constituency) 73010 "England"
North_Durham_(UK_Parliament_constituency) 68959 "England"
North_East_Bedfordshire_(UK_Parliament_constituency) 78350 "England"
North_East_Cambridgeshire_(UK_Parliament_constituency) 83661 "England"
Derbyshire_North_East_(UK_Parliament_constituency) 72374 "England"
North_East_Hampshire_(UK_Parliament_constituency) 72548 "England"
North_East_Hertfordshire_(UK_Parliament_constituency) 72658 "England"
North_East_Somerset_(UK_Parliament_constituency) 68546 "England"
North_Herefordshire_(UK_Parliament_constituency) 66711 "England"
North_Norfolk_(UK_Parliament_constituency) 68277 "England"
North_Shropshire_(UK_Parliament_constituency) 77673 "England"
North_Somerset_(UK_Parliament_constituency) 78223 "England"
North_Swindon_(UK_Parliament_constituency) 79488 "England"
North_Thanet_(UK_Parliament_constituency) 67110 "England"
North_Tyneside_(UK_Parliament_constituency) 78617 "England"
North_Warwickshire_(UK_Parliament_constituency) 70544 "England"
North_West_Cambridgeshire_(UK_Parliament_constituency) 89419 "England"
North_West_Durham_(UK_Parliament_constituency) 72760 "England"
North_West_Hampshire_(UK_Parliament_constituency) 77020 "England"
North_West_Leicestershire_(UK_Parliament_constituency) 72022 "England"
North_West_Norfolk_(UK_Parliament_constituency) 73269 "England"
North_Wiltshire_(UK_Parliament_constituency) 67154 "England"
Northampton_North_(UK_Parliament_constituency) 62095 "England"
Northampton_South_(UK_Parliament_constituency) 63048 "England"
Norwich_North_(UK_Parliament_constituency) 64982 "England"
Norwich_South_(UK_Parliament_constituency) 73569 "England"
Nottingham_East_(UK_Parliament_constituency) 59489 "England"
Nottingham_North_(UK_Parliament_constituency) 64578 "England"
Nottingham_South_(UK_Parliament_constituency) 69154 "England"
Nuneaton_(UK_Parliament_constituency) 68288 "England"
Old_Bexley_and_Sidcup_(UK_Parliament_constituency) 65161 "England"
Oldham_East_and_Saddleworth_(UK_Parliament_constituency) 72249 "England"
Oldham_West_and_Royton_(UK_Parliament_constituency) 72402 "England"
Orpington_(UK_Parliament_constituency) 68221 "England"
Oxford_East_(UK_Parliament_constituency) 81644 "England"
Oxford_West_and_Abingdon_(UK_Parliament_constituency) 77811 "England"
Pendle_(UK_Parliament_constituency) 66735 "England"
Penistone_and_Stocksbridge_(UK_Parliament_constituency) 69133 "England"
Penrith_and_The_Border_(UK_Parliament_constituency) 65234 "England"
Peterborough_(UK_Parliament_constituency) 72787 "England"
Plymouth_Moor_View_(UK_Parliament_constituency) 68556 "England"
Plymouth_Sutton_and_Devonport_(UK_Parliament_constituency) 71236 "England"
Poole_(UK_Parliament_constituency) 72773 "England"
Poplar_and_Limehouse_(UK_Parliament_constituency) 74919 "England"
Portsmouth_North_(UK_Parliament_constituency) 71798 "England"
Portsmouth_South_(UK_Parliament_constituency) 71947 "England"
Preston_(UK_Parliament_constituency) 61025 "England"
Pudsey_(UK_Parliament_constituency) 69738 "England"
Putney_(UK_Parliament_constituency) 62153 "England"
Rayleigh_and_Wickford_(UK_Parliament_constituency) 76089 "England"
Reading_East_(UK_Parliament_constituency) 78170 "England"
Reading_West_(UK_Parliament_constituency) 73216 "England"
Redcar_(UK_Parliament_constituency) 67195 "England"
Redditch_(UK_Parliament_constituency) 66492 "England"
Reigate_(UK_Parliament_constituency) 72043 "England"
Ribble_Valley_(UK_Parliament_constituency) 77437 "England"
Richmond_(Yorks)_(UK_Parliament_constituency) 78902 "England"
Richmond_Park_(UK_Parliament_constituency) 76650 "England"
Rochdale_(UK_Parliament_constituency) 77699 "England"
Rochester_and_Strood_(UK_Parliament_constituency) 75001 "England"
Rochford_and_Southend_East_(UK_Parliament_constituency) 71131 "England"
Romford_(UK_Parliament_constituency) 71978 "England"
Romsey_and_Southampton_North_(UK_Parliament_constituency) 67696 "England"
Rossendale_and_Darwen_(UK_Parliament_constituency) 73443 "England"
Rother_Valley_(UK_Parliament_constituency) 73068 "England"
Rotherham_(UK_Parliament_constituency) 63131 "England"
Rugby_(UK_Parliament_constituency) 69932 "England"
Ruislip,_Northwood_and_Pinner_(UK_Parliament_constituency) 71706 "England"
Runnymede_and_Weybridge_(UK_Parliament_constituency) 73680 "England"
Rushcliffe_(UK_Parliament_constituency) 73430 "England"
Rutland_and_Melton_(UK_Parliament_constituency) 77324 "England"
Saffron_Walden_(UK_Parliament_constituency) 77109 "England"
Salisbury_(UK_Parliament_constituency) 68731 "England"
Salford_and_Eccles_(UK_Parliament_constituency) 76863 "England"
Scarborough_and_Whitby_(UK_Parliament_constituency) 76078 "England"
Scunthorpe_(UK_Parliament_constituency) 63489 "England"
Sedgefield_(UK_Parliament_constituency) 67386 "England"
Sefton_Central_(UK_Parliament_constituency) 67696 "England"
Selby_and_Ainsty_(UK_Parliament_constituency) 73580 "England"
Sevenoaks_(UK_Parliament_constituency) 69925 "England"
Sheffield_Brightside_and_Hillsborough_(UK_Parliament_constituency) 69206 "England"
Sheffield_Central_(UK_Parliament_constituency) 69975 "England"
Sheffield_Hallam_(UK_Parliament_constituency) 70032 "England"
Sheffield_Heeley_(UK_Parliament_constituency) 66432 "England"
Sheffield_South_East_(UK_Parliament_constituency) 67792 "England"
Sherwood_(UK_Parliament_constituency) 72022 "England"
Shipley_(UK_Parliament_constituency) 68129 "England"
Shrewsbury_and_Atcham_(UK_Parliament_constituency) 73978 "England"
Sittingbourne_and_Sheppey_(UK_Parliament_constituency) 74796 "England"
Skipton_and_Ripon_(UK_Parliament_constituency) 77098 "England"
Sleaford_and_North_Hykeham_(UK_Parliament_constituency) 85561 "England"
Slough_(UK_Parliament_constituency) 81327 "England"
Solihull_(UK_Parliament_constituency) 77354 "England"
Somerton_and_Frome_(UK_Parliament_constituency) 82150 "England"
South_Basildon_and_East_Thurrock_(UK_Parliament_constituency) 71819 "England"
South_Cambridgeshire_(UK_Parliament_constituency) 80001 "England"
South_Derbyshire_(UK_Parliament_constituency) 71326 "England"
South_Dorset_(UK_Parliament_constituency) 73499 "England"
South_East_Cambridgeshire_(UK_Parliament_constituency) 82265 "England"
South_East_Cornwall_(UK_Parliament_constituency) 71851 "England"
South_Holland_and_The_Deepings_(UK_Parliament_constituency) 76939 "England"
South_Leicestershire_(UK_Parliament_constituency) 77412 "England"
South_Norfolk_(UK_Parliament_constituency) 77316 "England"
South_Northamptonshire_(UK_Parliament_constituency) 82956 "England"
South_Ribble_(UK_Parliament_constituency) 75116 "England"
South_Shields_(UK_Parliament_constituency) 63765 "England"
South_Staffordshire_(UK_Parliament_constituency) 74189 "England"
South_Suffolk_(UK_Parliament_constituency) 72965 "England"
South_Swindon_(UK_Parliament_constituency) 73449 "England"
South_Thanet_(UK_Parliament_constituency) 67970 "England"
South_West_Bedfordshire_(UK_Parliament_constituency) 76178 "England"
South_West_Devon_(UK_Parliament_constituency) 70756 "England"
South_West_Hertfordshire_(UK_Parliament_constituency) 78269 "England"
South_West_Norfolk_(UK_Parliament_constituency) 75034 "England"
South_West_Surrey_(UK_Parliament_constituency) 76495 "England"
South_West_Wiltshire_(UK_Parliament_constituency) 72820 "England"
Southampton_Itchen_(UK_Parliament_constituency) 74513 "England"
Southampton_Test_(UK_Parliament_constituency) 71263 "England"
Southend_West_(UK_Parliament_constituency) 66780 "England"
Southport_(UK_Parliament_constituency) 67803 "England"
Spelthorne_(UK_Parliament_constituency) 71211 "England"
St_Albans_(UK_Parliament_constituency) 70298 "England"
St_Austell_and_Newquay_(UK_Parliament_constituency) 75974 "England"
St_Helens_North_(UK_Parliament_constituency) 75688 "England"
St_Helens_South_and_Whiston_(UK_Parliament_constituency) 78612 "England"
St_Ives_(UK_Parliament_constituency) 66696 "England"
Stafford_(UK_Parliament_constituency) 69832 "England"
Staffordshire_Moorlands_(UK_Parliament_constituency) 62457 "England"
Stalybridge_and_Hyde_(UK_Parliament_constituency) 70691 "England"
Stevenage_(UK_Parliament_constituency) 69357 "England"
Stockport_(UK_Parliament_constituency) 62764 "England"
Stockton_North_(UK_Parliament_constituency) 67333 "England"
Stockton_South_(UK_Parliament_constituency) 74521 "England"
Stoke-on-Trent_Central_(UK_Parliament_constituency) 61774 "England"
Stoke-on-Trent_North_(UK_Parliament_constituency) 72225 "England"
Stoke-on-Trent_South_(UK_Parliament_constituency) 68624 "England"
Stone_(UK_Parliament_constituency) 66729 "England"
Stourbridge_(UK_Parliament_constituency) 70225 "England"
Stratford-on-Avon_(UK_Parliament_constituency) 69108 "England"
Streatham_(UK_Parliament_constituency) 71913 "England"
Stretford_and_Urmston_(UK_Parliament_constituency) 70520 "England"
Stroud_(UK_Parliament_constituency) 79135 "England"
Suffolk_Coastal_(UK_Parliament_constituency) 76932 "England"
Sunderland_Central_(UK_Parliament_constituency) 76292 "England"
Surrey_Heath_(UK_Parliament_constituency) 78453 "England"
Sutton_and_Cheam_(UK_Parliament_constituency) 66571 "England"
Sutton_Coldfield_(UK_Parliament_constituency) 75031 "England"
Tamworth_(UK_Parliament_constituency) 72544 "England"
Tatton_(UK_Parliament_constituency) 65200 "England"
Taunton_Deane_(UK_Parliament_constituency) 82882 "England"
Telford_(UK_Parliament_constituency) 65938 "England"
Tewkesbury_(UK_Parliament_constituency) 77206 "England"
The_Cotswolds_(UK_Parliament_constituency) 78439 "England"
The_Wrekin_(UK_Parliament_constituency) 66111 "England"
Thirsk_and_Malton_(UK_Parliament_constituency) 77230 "England"
Thornbury_and_Yate_(UK_Parliament_constituency) 64736 "England"
Thurrock_(UK_Parliament_constituency) 77667 "England"
Tiverton_and_Honiton_(UK_Parliament_constituency) 75839 "England"
Tonbridge_and_Malling_(UK_Parliament_constituency) 71989 "England"
Tooting_(UK_Parliament_constituency) 72707 "England"
Torbay_(UK_Parliament_constituency) 76219 "England"
Torridge_and_West_Devon_(UK_Parliament_constituency) 77417 "England"
Totnes_(UK_Parliament_constituency) 67562 "England"
Tottenham_(UK_Parliament_constituency) 70162 "England"
Truro_and_Falmouth_(UK_Parliament_constituency) 71340 "England"
Tunbridge_Wells_(UK_Parliament_constituency) 73028 "England"
Twickenham_(UK_Parliament_constituency) 79172 "England"
Tynemouth_(UK_Parliament_constituency) 76618 "England"
Uxbridge_and_South_Ruislip_(UK_Parliament_constituency) 71954 "England"
Vauxhall_(UK_Parliament_constituency) 73274 "England"
Wakefield_(UK_Parliament_constituency) 71531 "England"
Wallasey_(UK_Parliament_constituency) 65732 "England"
Walsall_North_(UK_Parliament_constituency) 65468 "England"
Walsall_South_(UK_Parliament_constituency) 66082 "England"
Walthamstow_(UK_Parliament_constituency) 64482 "England"
Wansbeck_(UK_Parliament_constituency) 62395 "England"
Wantage_(UK_Parliament_constituency) 79775 "England"
Warley_(UK_Parliament_constituency) 63024 "England"
Warrington_North_(UK_Parliament_constituency) 71836 "England"
Warrington_South_(UK_Parliament_constituency) 81212 "England"
Warwick_and_Leamington_(UK_Parliament_constituency) 66278 "England"
Washington_and_Sunderland_West_(UK_Parliament_constituency) 70177 "England"
Watford_(UK_Parliament_constituency) 80939 "England"
Waveney_(UK_Parliament_constituency) 79132 "England"
Wealden_(UK_Parliament_constituency) 77536 "England"
Weaver_Vale_(UK_Parliament_constituency) 66008 "England"
Wellingborough_(UK_Parliament_constituency) 76848 "England"
Wells_(UK_Parliament_constituency) 79989 "England"
Welwyn_Hatfield_(UK_Parliament_constituency) 71766 "England"
Wentworth_and_Dearne_(UK_Parliament_constituency) 72272 "England"
West_Bromwich_East_(UK_Parliament_constituency) 63008 "England"
West_Bromwich_West_(UK_Parliament_constituency) 65249 "England"
West_Dorset_(UK_Parliament_constituency) 76779 "England"
West_Ham_(UK_Parliament_constituency) 86400 "England"
West_Lancashire_(UK_Parliament_constituency) 73028 "England"
West_Suffolk_(UK_Parliament_constituency) 76158 "England"
West_Worcestershire_(UK_Parliament_constituency) 73001 "England"
Westminster_North_(UK_Parliament_constituency) 65936 "England"
Westmorland_and_Lonsdale_(UK_Parliament_constituency) 66609 "England"
Weston-super-Mare_(UK_Parliament_constituency) 78778 "England"
Wigan_(UK_Parliament_constituency) 76779 "England"
Wimbledon_(UK_Parliament_constituency) 65936 "England"
Winchester_(UK_Parliament_constituency) 74138 "England"
Windsor_(UK_Parliament_constituency) 70633 "England"
Wirral_South_(UK_Parliament_constituency) 56238 "England"
Wirral_West_(UK_Parliament_constituency) 55077 "England"
Witham_(UK_Parliament_constituency) 67451 "England"
Witney_(UK_Parliament_constituency) 78220 "England"
Woking_(UK_Parliament_constituency) 74328 "England"
Wokingham_(UK_Parliament_constituency) 75886 "England"
Wolverhampton_North_East_(UK_Parliament_constituency) 60354 "England"
Wolverhampton_South_East_(UK_Parliament_constituency) 61751 "England"
Wolverhampton_South_West_(UK_Parliament_constituency) 59846 "England"
Worcester_(UK_Parliament_constituency) 73960 "England"
Workington_(UK_Parliament_constituency) 59361 "England"
Worsley_and_Eccles_South_(UK_Parliament_constituency) 73409 "England"
Worthing_West_(UK_Parliament_constituency) 74468 "England"
Wycombe_(UK_Parliament_constituency) 73750 "England"
Wyre_and_Preston_North_(UK_Parliament_constituency) 71612 "England"
Wyre_Forest_(UK_Parliament_constituency) 77800 "England"
Wythenshawe_and_Sale_East_(UK_Parliament_constituency) 75602 "England"
Yeovil_(UK_Parliament_constituency) 82771 "England"
York_Central_(UK_Parliament_constituency) 75656 "England"
York_Outer_(UK_Parliament_constituency) 75125 "England"
Aberavon_(UK_Parliament_constituency) 51233 "Wales"
Aberconwy_(UK_Parliament_constituency) 45407 "Wales"
Alyn_and_Deeside_(UK_Parliament_constituency) 62196 "Wales"
Arfon_(UK_Parliament_constituency) 41138 "Wales"
Blaenau_Gwent_(UK_Parliament_constituency) 53791 "Wales"
Brecon_and_Radnorshire_(UK_Parliament_constituency) 53882 "Wales"
Bridgend_(UK_Parliament_constituency) 59533 "Wales"
Caerphilly_(UK_Parliament_constituency) 61876 "Wales"
Cardiff_Central_(UK_Parliament_constituency) 64225 "Wales"
Cardiff_North_(UK_Parliament_constituency) 67194 "Wales"
Cardiff_South_and_Penarth_(UK_Parliament_constituency) 75175 "Wales"
Cardiff_West_(UK_Parliament_constituency) 64295 "Wales"
Carmarthen_East_and_Dinefwr_(UK_Parliament_constituency) 54557 "Wales"
Carmarthen_West_and_South_Pembrokeshire_(UK_Parliament_constituency) 58994 "Wales"
Ceredigion_(UK_Parliament_constituency) 56942 "Wales"
Clwyd_South_(UK_Parliament_constituency) 54895 "Wales"
Clwyd_West_(UK_Parliament_constituency) 58544 "Wales"
Cynon_Valley_(UK_Parliament_constituency) 52372 "Wales"
Delyn_(UK_Parliament_constituency) 54405 "Wales"
Dwyfor_Meirionnydd_(UK_Parliament_constituency) 45006 "Wales"
Gower_(UK_Parliament_constituency) 62389 "Wales"
Islwyn_(UK_Parliament_constituency) 54792 "Wales"
Llanelli_(UK_Parliament_constituency) 59266 "Wales"
Merthyr_Tydfil_and_Rhymney_(UK_Parliament_constituency) 55409 "Wales"
Monmouth_(UK_Parliament_constituency) 65432 "Wales"
Montgomeryshire_(UK_Parliament_constituency) 48910 "Wales"
Neath_(UK_Parliament_constituency) 57823 "Wales"
Newport_East_(UK_Parliament_constituency) 55224 "Wales"
Newport_West_(UK_Parliament_constituency) 63056 "Wales"
Ogmore_(UK_Parliament_constituency) 55851 "Wales"
Pontypridd_(UK_Parliament_constituency) 60275 "Wales"
Preseli_Pembrokeshire_(UK_Parliament_constituency) 58343 "Wales"
Rhondda_(UK_Parliament_constituency) 52862 "Wales"
Swansea_East_(UK_Parliament_constituency) 60809 "Wales"
Swansea_West_(UK_Parliament_constituency) 62769 "Wales"
Torfaen_(UK_Parliament_constituency) 61806 "Wales"
Vale_of_Clwyd_(UK_Parliament_constituency) 56585 "Wales"
Vale_of_Glamorgan_(UK_Parliament_constituency) 71585 "Wales"
Wrexham_(UK_Parliament_constituency) 53733 "Wales"
Ynys_Môn_(UK_Parliament_constituency) 49721 "Wales"
Belfast_East_(UK_Parliament_constituency) 60050 "Northern Ireland"
Belfast_North_(UK_Parliament_constituency) 66825 "Northern Ireland"
Belfast_South_(UK_Parliament_constituency) 60726 "Northern Ireland"
Belfast_West_(UK_Parliament_constituency) 60520 "Northern Ireland"
East_Antrim_(UK_Parliament_constituency) 61253 "Northern Ireland"
East_Londonderry_(UK_Parliament_constituency) 64546 "Northern Ireland"
Fermanagh_and_South_Tyrone_(UK_Parliament_constituency) 68979 "Northern Ireland"
Foyle_(UK_Parliament_constituency) 67810 "Northern Ireland"
Lagan_Valley_(UK_Parliament_constituency) 66327 "Northern Ireland"
Ulster_Mid_(UK_Parliament_constituency) 65655 "Northern Ireland"
Newry_and_Armagh_(UK_Parliament_constituency) 75856 "Northern Ireland"
North_Antrim_(UK_Parliament_constituency) 74094 "Northern Ireland"
North_Down_(UK_Parliament_constituency) 61615 "Northern Ireland"
South_Antrim_(UK_Parliament_constituency) 64254 "Northern Ireland"
South_Down_(UK_Parliament_constituency) 72092 "Northern Ireland"
Strangford_(UK_Parliament_constituency) 61566 "Northern Ireland"
Upper_Bann_(UK_Parliament_constituency) 76209 "Northern Ireland"
West_Tyrone_(UK_Parliament_constituency) 62258 "Northern Ireland"
Aberdeen_North_(UK_Parliament_constituency) 64753 "Scotland"
Aberdeen_South_(UK_Parliament_constituency) 64330 "Scotland"
Airdrie_and_Shotts_(UK_Parliament_constituency) 62789 "Scotland"
Angus_(UK_Parliament_constituency) 64178 "Scotland"
Argyll_and_Bute_(UK_Parliament_constituency) 67692 "Scotland"
Ayr,_Carrick_and_Cumnock_(UK_Parliament_constituency) 73708 "Scotland"
Banff_and_Buchan_(UK_Parliament_constituency) 65183 "Scotland"
Berwickshire,_Roxburgh_and_Selkirk_(UK_Parliament_constituency) 74115 "Scotland"
Caithness,_Sutherland_and_Easter_Ross_(UK_Parliament_constituency) 47572 "Scotland"
Central_Ayrshire_(UK_Parliament_constituency) 69243 "Scotland"
Coatbridge,_Chryston_and_Bellshill_(UK_Parliament_constituency) 70537 "Scotland"
Cumbernauld,_Kilsyth_and_Kirkintilloch_East_(UK_Parliament_constituency) 65317 "Scotland"
Dumfries_and_Galloway_(UK_Parliament_constituency) 74414 "Scotland"
Dumfriesshire,_Clydesdale_and_Tweeddale_(UK_Parliament_constituency) 67066 "Scotland"
Dundee_East_(UK_Parliament_constituency) 65702 "Scotland"
Dundee_West_(UK_Parliament_constituency) 63065 "Scotland"
Dunfermline_and_West_Fife_(UK_Parliament_constituency) 74621 "Scotland"
East_Dunbartonshire_(UK_Parliament_constituency) 64186 "Scotland"
East_Kilbride,_Strathaven_and_Lesmahagow_(UK_Parliament_constituency) 77985 "Scotland"
East_Lothian_(UK_Parliament_constituency) 74320 "Scotland"
East_Renfrewshire_(UK_Parliament_constituency) 68117 "Scotland"
Edinburgh_East_(UK_Parliament_constituency) 60594 "Scotland"
Edinburgh_North_and_Leith_(UK_Parliament_constituency) 69580 "Scotland"
Edinburgh_South_(UK_Parliament_constituency) 59285 "Scotland"
Edinburgh_South_West_(UK_Parliament_constituency) 66262 "Scotland"
Edinburgh_West_(UK_Parliament_constituency) 65526 "Scotland"
Falkirk_(UK_Parliament_constituency) 82473 "Scotland"
Glasgow_Central_(UK_Parliament_constituency) 67521 "Scotland"
Glasgow_East_(UK_Parliament_constituency) 66482 "Scotland"
Glasgow_North_(UK_Parliament_constituency) 54620 "Scotland"
Glasgow_North_East_(UK_Parliament_constituency) 64171 "Scotland"
Glasgow_North_West_(UK_Parliament_constituency) 64522 "Scotland"
Glasgow_South_(UK_Parliament_constituency) 69122 "Scotland"
Glasgow_South_West_(UK_Parliament_constituency) 62378 "Scotland"
Glenrothes_(UK_Parliament_constituency) 68393 "Scotland"
Gordon_(UK_Parliament_constituency) 74394 "Scotland"
Inverclyde_(UK_Parliament_constituency) 61038 "Scotland"
Inverness,_Nairn,_Badenoch_and_Strathspey_(UK_Parliament_constituency) 72764 "Scotland"
Kilmarnock_and_Loudoun_(UK_Parliament_constituency) 75001 "Scotland"
Kirkcaldy_and_Cowdenbeath_(UK_Parliament_constituency) 74247 "Scotland"
Lanark_and_Hamilton_East_(UK_Parliament_constituency) 76190 "Scotland"
Linlithgow_and_East_Falkirk_(UK_Parliament_constituency) 81756 "Scotland"
Livingston_(UK_Parliament_constituency) 76580 "Scotland"
Midlothian_(UK_Parliament_constituency) 61986 "Scotland"
Moray_(UK_Parliament_constituency) 66726 "Scotland"
Motherwell_and_Wishaw_(UK_Parliament_constituency) 66949 "Scotland"
Na_h-Eileanan_an_Iar_(UK_Parliament_constituency) 21837 "Scotland"
North_Ayrshire_and_Arran_(UK_Parliament_constituency) 75201 "Scotland"
North_East_Fife_(UK_Parliament_constituency) 63349 "Scotland"
Ochil_and_South_Perthshire_(UK_Parliament_constituency) 75848 "Scotland"
Orkney_and_Shetland_(UK_Parliament_constituency) 33755 "Scotland"
Paisley_and_Renfrewshire_North_(UK_Parliament_constituency) 65847 "Scotland"
Paisley_and_Renfrewshire_South_(UK_Parliament_constituency) 63268 "Scotland"
Perth_and_North_Perthshire_(UK_Parliament_constituency) 73064 "Scotland"
Ross,_Skye_and_Lochaber_(UK_Parliament_constituency) 52064 "Scotland"
Rutherglen_and_Hamilton_West_(UK_Parliament_constituency) 77729 "Scotland"
Stirling_(UK_Parliament_constituency) 66743 "Scotland"
West_Aberdeenshire_and_Kincardine_(UK_Parliament_constituency) 67060 "Scotland"
West_Dunbartonshire_(UK_Parliament_constituency) 66738 "Scotland"
